Employee ID,Full Name,Email,Department,Role,Permission Level,Status
"EMP-1001","Dr. Alice Smith","a.smith@feedtech.com","Biotech","User","Highly Confidential","Active"
"EMP-1042","John Doe","j.doe@feedtech.com","Dairy","User","Restricted","Active"
"EMP-0882","Maria Wong","m.wong@feedtech.com","QC-Lab","User","Restricted","Active"
"EMP-3011","Somchai Prasert","s.prasert@feedtech.com","Swine","User","Restricted","Active"
"EMP-4099","Ananya Srisuk","a.srisuk@feedtech.com","Aquatic","User","Standard","Active"
"EMP-5501","David Miller","d.miller@feedtech.com","Raw Material","User","Standard","Active"
"EMP-9999","Kittisak Tech (Admin)","admin@feedtech.com","Biotech","Admin","Highly Confidential","Active"
"EMP-9512","Nattakorn Test","nattakorn@feedtech.com","Swine","User","Restricted","Active"
"VIP-001","Nuntana W.","noi.exec@feedtech.com","Biotech","User","Highly Confidential","Active"
"EMP-1002","Thanawat R.","noom.rd@feedtech.com","Biotech","User","Restricted","Active"
"EMP-1003","Gunnthanat K.","gunnthanat@feedtech.com","Biotech","Admin","Standard","Active"
"EMP-1022","Gunnthanat K.","test@feedtech.com","Biotech","Admin","Standard","Active"
"EMP-4650","Smoke Test User","smoke.test@feedtech.com","Biotech","User","Standard","Active"
